<?xml version="1.0" encoding="UTF-8"?>
<PE_PROJECT_SETTINGS_DOCUMENTATION>
  <PE_product_version v="version 10.5 for Freescale Microcontrollers" />
  <PE_core_version v="Processor Expert Version 0521" />
  <CPU_Bean name="Cpu" type="MKE06Z128LK4">
    <Enabled v="Y" />
    <Properties>
      <Component_name v="Cpu" />
      <CPU_type v="MKE06Z128VLK4" />
      <group name="Common settings">
        <Initialization_priority v="interrupts enabled" />
        <Watchdog_disable v="yes" />
        <Utilize_after_reset_values v="default" />
      </group>
    </Properties>
    <Methods>
      <EmptySection_DummyValue />
    </Methods>
    <Events>
      <Event_module_name v="Events" />
    </Events>
    <Compiler v="GNU C Compiler" />
    <CompilerProperties>
      <Compiler v="GNU C Compiler" />
      <enumgroup name="Unhandled vectors" v="One handler for all">
        <EmptySection_DummyValue />
      </enumgroup>
      <boolgroup name="Generate debugger files" v="no" />
      <group name="Startup">
        <Add_startup_file v="yes" />
      </group>
      <boolgroup name="Generate linker file" v="yes">
        <Stack_size v="1024" />
        <Heap_size v="0" />
        <Set_memory_segments_to_default v="Click to set default &amp;gt;" />
        <Default_memory_for_interrupts v="INTERNAL FLASH" />
        <Default_memory_for_code v="INTERNAL FLASH" />
        <Default_memory_for_data v="INTERNAL RAM" />
        <list name="ROM/RAM Areas" v="4">
          <group name="MemoryArea0">
            <boolgroup name="ROM/RAM Area" v="Enabled">
              <Name v="m_interrupts" />
              <Qualifier v="RX" />
              <Address v="0" />
              <Size v="192" />
            </boolgroup>
          </group>
          <group name="MemoryArea1">
            <boolgroup name="ROM/RAM Area" v="Disabled" />
          </group>
          <group name="MemoryArea2">
            <boolgroup name="ROM/RAM Area" v="Enabled">
              <Name v="m_text" />
              <Qualifier v="RX" />
              <Address v="1040" />
              <Size v="130032" />
            </boolgroup>
          </group>
          <group name="MemoryArea3">
            <boolgroup name="ROM/RAM Area" v="Enabled">
              <Name v="m_data" />
              <Qualifier v="RW" />
              <Address v="536866816" />
              <Size v="16384" />
            </boolgroup>
          </group>
        </list>
      </boolgroup>
    </CompilerProperties>
  </CPU_Bean>
  <Bean name="Pins1" type="PinSettings">
    <Enabled v="Y" />
    <Properties>
      <Component_name v="Pins1" />
      <PinSettings_IP_Block v="PinSettings" />
      <Processor v="MKE06Z128LK4" />
    </Properties>
    <Methods>
      <EmptySection_DummyValue />
    </Methods>
    <Events>
      <EmptySection_DummyValue />
    </Events>
  </Bean>
  <Bean name="Bits1" type="BitsIO">
    <Enabled v="Y" />
    <Properties>
      <Component_name v="Bits1" />
      <Port v="GPIOB" />
      <inhrbean type="BitsIO_LDD">
        <Enabled v="Y" />
        <Template v="BitsIO_LDD" />
        <Properties>
          <Component_name v="BitsIoLdd1" />
          <Port v="GPIOB" />
          <list name="Pins" v="2">
            <group name="Pin0">
              <Pin v="PTG5/KBI1_P21/FTM2_CH3/SPI1_MOSI" />
            </group>
            <group name="Pin1">
              <Pin v="PTG6/KBI1_P22/FTM2_CH4/SPI1_MISO" />
            </group>
          </list>
          <Direction v="Output" />
          <group name="Initialization">
            <Init__direction v="Output" />
            <Init__value v="0" />
            <Auto_initialization v="yes" />
          </group>
          <Safe_mode v="yes" />
        </Properties>
        <Methods>
          <Init v="generate code" />
          <Deinit v="don&amp;apos;t generate code" />
          <GetDir v="generate code" />
          <SetDir v="don&amp;apos;t generate code" />
          <SetInput v="don&amp;apos;t generate code" />
          <SetOutput v="don&amp;apos;t generate code" />
          <GetVal v="generate code" />
          <PutVal v="generate code" />
          <GetBit v="generate code" />
          <PutBit v="generate code" />
          <SetBit v="generate code" />
          <ClrBit v="generate code" />
          <NegBit v="generate code" />
          <GetRawVal v="don&amp;apos;t generate code" />
          <GetRawBit v="don&amp;apos;t generate code" />
          <ConnectPin v="don&amp;apos;t generate code" />
        </Methods>
        <Events>
          <EmptySection_DummyValue />
        </Events>
      </inhrbean>
      <list name="Pins" v="2">
        <group name="Pin0">
          <Pin v="PTG5/KBI1_P21/FTM2_CH3/SPI1_MOSI" />
        </group>
        <group name="Pin1">
          <Pin v="PTG6/KBI1_P22/FTM2_CH4/SPI1_MISO" />
        </group>
      </list>
      <Direction v="Output" />
      <group name="Initialization">
        <Init__direction v="Output" />
        <Init__value v="0" />
      </group>
      <Safe_mode v="yes" />
      <Optimization_for v="speed" />
    </Properties>
    <Methods>
      <GetDir v="generate code" />
      <SetDir v="don&amp;apos;t generate code" />
      <SetInput v="don&amp;apos;t generate code" />
      <SetOutput v="don&amp;apos;t generate code" />
      <GetVal v="generate code" />
      <PutVal v="generate code" />
      <GetBit v="generate code" />
      <PutBit v="generate code" />
      <SetBit v="generate code" />
      <ClrBit v="generate code" />
      <NegBit v="generate code" />
      <ConnectPin v="don&amp;apos;t generate code" />
      <GetRawVal v="don&amp;apos;t generate code" />
      <GetRawBit v="don&amp;apos;t generate code" />
    </Methods>
    <Events>
      <EmptySection_DummyValue />
    </Events>
  </Bean>
  <Bean name="CAN1" type="CAN_LDD">
    <Enabled v="Y" />
    <Properties>
      <Component_name v="CAN1" />
      <CAN_channel v="MSCAN" />
      <boolgroup name="Interrupt service" v="Enabled">
        <Interrupt_TxD v="INT_MSCAN_TX" />
        <Interrupt_TxD_priority v="medium priority" />
        <ISR_Name v="CAN1_TxInterrupt" />
        <Interrupt_RxD v="INT_MSCAN_RX" />
        <Interrupt_RxD_priority v="medium priority" />
        <ISR_Name v="CAN1_RxInterrupt" />
        <Interrupt_error v="INT_MSCAN_TX" />
        <Interrupt_error_priority v="medium priority" />
        <ISR_Name v="CAN1_TxInterrupt" />
        <Interrupt_bus_off v="INT_MSCAN_TX" />
        <Interrupt_bus_off_priority v="medium priority" />
        <ISR_Name v="CAN1_TxInterrupt" />
        <Interrupt_wake_up v="INT_MSCAN_TX" />
        <Interrupt_wake_up_priority v="medium priority" />
        <ISR_Name v="CAN1_TxInterrupt" />
      </boolgroup>
      <group name="Settings">
        <group name="Pins">
          <group name="Rx pin">
            <Rx_pin v="PTH2/KBI1_P26/BUSOUT/FTM1_CH0/CAN0_RX" />
          </group>
          <group name="Tx pin">
            <Tx_pin v="&amp;lt;Automatic&amp;gt;" />
          </group>
        </group>
        <boolgroup name="Global acceptance mask" v="no" />
        <boolgroup name="Receiver FIFO" v="Enabled">
          <ID_filter_acceptance_mode v="One 32-bit" />
          <boolgroup name="Invidual acceptance mask table" v="Enabled">
            <list name="Elements" v="2">
              <group name="Element 0">
                <ID_mask v="4294967295" />
              </group>
              <group name="Element 1">
                <ID_mask v="4294967295" />
              </group>
            </list>
          </boolgroup>
          <group name="ID filter table">
            <list name="Elements" v="2">
              <group name="Element 0">
                <ID_mask v="4294967295" />
              </group>
              <group name="Element 1">
                <ID_mask v="4294967295" />
              </group>
            </list>
          </group>
        </boolgroup>
        <list name="Message buffers" v="2">
          <group name="Buffer0">
            <boolgroup name="Buffer type" v="Receive">
              <EmptySection_DummyValue />
            </boolgroup>
          </group>
          <group name="Buffer1">
            <boolgroup name="Buffer type" v="Transmit" />
          </group>
        </list>
        <Timer_synchronization v="Disabled" />
        <Loop_mode v="no" />
        <Bus_off_recovery_mode v="Automatic" />
        <Listen_only_mode v="no" />
        <boolgroup name="Wake up" v="Disabled" />
      </group>
      <group name="Timing">
        <CAN_timing_calculator v="click to run -&amp;gt;" />
        <Time_segment_1 v="4" />
        <Time_segment_2 v="2" />
        <Resync_jump_width v="1" />
        <Time_quanta_per_bit v="7" />
        <Samples_per_bit v="One sample" />
        <Bit_rate v="100 kbit/s" />
      </group>
      <group name="Initialization">
        <Enabled_in_init__code v="yes" />
        <group name="Event mask">
          <OnFreeTxBuffer v="Enabled" />
          <OnFullRxBuffer v="Enabled" />
          <OnTransmitWarning v="Disabled" />
          <OnReceiveWarning v="Disabled" />
          <OnBusOff v="Disabled" />
          <OnWakeUp v="Disabled" />
          <OnError v="Disabled" />
        </group>
      </group>
    </Properties>
    <Methods>
      <Init v="generate code" />
      <Deinit v="don&amp;apos;t generate code" />
      <Enable v="don&amp;apos;t generate code" />
      <Disable v="don&amp;apos;t generate code" />
      <SetEventMask v="don&amp;apos;t generate code" />
      <GetEventMask v="don&amp;apos;t generate code" />
      <SetAcceptanceMaskTable v="don&amp;apos;t generate code" />
      <GetAcceptanceMaskTable v="don&amp;apos;t generate code" />
      <SetRxIDFilterTable v="generate code" />
      <GetRxIDFilterTable v="don&amp;apos;t generate code" />
      <SetAcceptanceMaskMode v="don&amp;apos;t generate code" />
      <SetRxBufferState v="don&amp;apos;t generate code" />
      <GetRxBufferState v="don&amp;apos;t generate code" />
      <SendFrame v="generate code" />
      <ReadFrame v="generate code" />
      <GetTxFrameState v="don&amp;apos;t generate code" />
      <GetRxFrameState v="don&amp;apos;t generate code" />
      <CancelTransmissionFrame v="don&amp;apos;t generate code" />
      <GetTransmitErrorCounter v="don&amp;apos;t generate code" />
      <GetReceiveErrorCounter v="don&amp;apos;t generate code" />
      <GetRxIDFilterHitIndex v="don&amp;apos;t generate code" />
      <GetError v="don&amp;apos;t generate code" />
      <Main v="don&amp;apos;t generate code" />
      <SetRunMode v="don&amp;apos;t generate code" />
      <GetRunMode v="don&amp;apos;t generate code" />
      <RequestBusOffRecovery v="don&amp;apos;t generate code" />
      <GetStats v="don&amp;apos;t generate code" />
      <ClearStats v="don&amp;apos;t generate code" />
      <ConnectPin v="don&amp;apos;t generate code" />
      <SetOperationMode v="don&amp;apos;t generate code" />
      <GetDriverState v="don&amp;apos;t generate code" />
    </Methods>
    <Events>
      <Event_module_name v="Events" />
      <event name="OnFreeTxBuffer" v="generate code">
        <Event_procedure_name v="CAN1_OnFreeTxBuffer" />
      </event>
      <event name="OnFullRxBuffer" v="generate code">
        <Event_procedure_name v="CAN1_OnFullRxBuffer" />
      </event>
      <event name="OnTransmitWarning" v="don&amp;apos;t generate code" />
      <event name="OnReceiveWarning" v="don&amp;apos;t generate code" />
      <event name="OnBusOff" v="don&amp;apos;t generate code" />
      <event name="OnWakeUp" v="don&amp;apos;t generate code" />
      <event name="OnError" v="don&amp;apos;t generate code" />
    </Events>
  </Bean>
  <Bean name="WAIT1" type="Wait">
    <Enabled v="Y" />
    <Properties>
      <Component_name v="WAIT1" />
      <SDK v="MCUC1" />
      <boolgroup name="Use Cycle Counter" v="Disabled" />
      <boolgroup name="Manual Clock Values" v="Disabled" />
      <Delay100usFunction v="Delay100US" />
      <boolgroup name="RTOS" v="Disabled" />
      <boolgroup name="Watchdog" v="Disabled" />
    </Properties>
    <Methods>
      <Wait10Cycles v="generate code" />
      <Wait100Cycles v="generate code" />
      <WaitCycles v="generate code" />
      <WaitLongCycles v="generate code" />
      <Waitms v="generate code" />
      <Waitus v="generate code" />
      <Waitns v="generate code" />
      <WaitOSms v="generate code" />
      <Init v="generate code" />
      <Deinit v="don&amp;apos;t generate code" />
    </Methods>
    <Events>
      <EmptySection_DummyValue />
    </Events>
  </Bean>
  <Bean name="MCUC1" type="McuLibConfig">
    <Enabled v="Y" />
    <Properties>
      <Component_name v="MCUC1" />
      <SDK v="Processor Expert" />
      <SDK_Major_Version v="2" />
      <SDK_Minor_Version v="5" />
      <SDK_Build_Version v="0" />
      <Config_Files_Folder v="" />
    </Properties>
    <Methods>
      <Init v="generate code" />
      <Deinit v="generate code" />
    </Methods>
    <Events>
      <EmptySection_DummyValue />
    </Events>
  </Bean>
  <Bean name="PPG1" type="PPG">
    <Enabled v="Y" />
    <Properties>
      <Component_name v="PPG1" />
      <Compare___period v="FTM2_MOD" />
      <Compare___duty v="FTM2_C0V" />
      <Output_pin v="PTH0/KBI1_P24/FTM2_CH0" />
      <Counter v="FTM2_CNT" />
      <boolgroup name="Interrupt service/event" v="Disabled" />
      <Period init="500 Hz" runtime_settings="interval" low="1 Hz" high="1000 Hz" />
      <Starting_pulse_width v="1 ms" />
      <Initial_polarity v="low" />
      <Same_period_in_modes v="no" />
      <Component_uses_entire_timer v="no" />
      <group name="Initialization">
        <Enabled_in_init__code v="yes" />
        <Events_enabled_in_init_ v="yes" />
      </group>
      <group name="CPU clock/speed selection">
        <High_speed_mode v="This component enabled" />
        <Low_speed_mode v="This component disabled" />
        <Slow_speed_mode v="This component disabled" />
      </group>
      <group name="Referenced components">
        <inhrbean type="PPG_LDD">
          <Enabled v="Y" />
          <Properties>
            <Component_name v="PpgLdd1" />
            <Module_name v="FTM2" />
            <Counter v="FTM2_CNT" />
            <Period_device v="FTM2_MOD" />
            <Duty_device v="FTM2_C0V" />
            <Output_pin v="PTH0/KBI1_P24/FTM2_CH0" />
            <boolgroup name="Interrupt service/event" v="Disabled" />
            <Period init="500 Hz" runtime_settings="interval" low="1 Hz" high="1000 Hz" />
            <Starting_pulse_width v="1 ms" />
            <Initial_polarity v="low" />
            <group name="Initialization">
              <Enabled_in_init__code v="yes" />
              <group name="Event mask">
                <OnEnd v="Disabled" />
              </group>
            </group>
          </Properties>
          <Methods>
            <Init v="generate code" />
            <Deinit v="don&amp;apos;t generate code" />
            <Enable v="generate code" />
            <Disable v="generate code" />
            <SetEventMask v="don&amp;apos;t generate code" />
            <GetEventMask v="don&amp;apos;t generate code" />
            <GetEventStatus v="don&amp;apos;t generate code" />
            <SelectPeriod v="don&amp;apos;t generate code" />
            <SetPeriodUS v="generate code" />
            <SetPeriodMS v="generate code" />
            <SetPeriodSec v="generate code" />
            <SetPeriodReal v="generate code" />
            <SetFrequencyHz v="generate code" />
            <SetFrequencykHz v="generate code" />
            <SetFrequencyMHz v="generate code" />
            <SetRatio8 v="don&amp;apos;t generate code" />
            <SetRatio16 v="generate code" />
            <SetDutyUS v="generate code" />
            <SetDutyMS v="generate code" />
            <SetDutySec v="don&amp;apos;t generate code" />
            <SetDutyReal v="don&amp;apos;t generate code" />
            <SetValue v="don&amp;apos;t generate code" />
            <ClearValue v="generate code" />
            <ConnectPin v="don&amp;apos;t generate code" />
            <SetOperationMode v="don&amp;apos;t generate code" />
            <GetDriverState v="don&amp;apos;t generate code" />
          </Methods>
          <Events>
            <Event_module_name v="Events" />
            <event name="OnEnd" v="don&amp;apos;t generate code" />
          </Events>
        </inhrbean>
      </group>
    </Properties>
    <Methods>
      <Enable v="generate code" />
      <Disable v="generate code" />
      <EnableEvent v="don&amp;apos;t generate code" />
      <DisableEvent v="don&amp;apos;t generate code" />
      <SetPeriodMode v="don&amp;apos;t generate code" />
      <SetPeriodTicks16 v="don&amp;apos;t generate code" />
      <SetPeriodTicks32 v="don&amp;apos;t generate code" />
      <SetPeriodUS v="generate code" />
      <SetPeriodMS v="generate code" />
      <SetPeriodSec v="generate code" />
      <SetPeriodReal v="generate code" />
      <SetFreqHz v="generate code" />
      <SetFreqkHz v="generate code" />
      <SetFreqMHz v="generate code" />
      <SetRatio8 v="don&amp;apos;t generate code" />
      <SetRatio16 v="generate code" />
      <SetDutyTicks16 v="don&amp;apos;t generate code" />
      <SetDutyTicks32 v="don&amp;apos;t generate code" />
      <SetDutyUS v="generate code" />
      <SetDutyMS v="generate code" />
      <SetDutySec v="don&amp;apos;t generate code" />
      <SetDutyReal v="don&amp;apos;t generate code" />
      <SetValue v="don&amp;apos;t generate code" />
      <ClrValue v="generate code" />
    </Methods>
    <Events>
      <Event_module_name v="Events" />
      <event name="BeforeNewSpeed" v="don&amp;apos;t generate code" />
      <event name="AfterNewSpeed" v="don&amp;apos;t generate code" />
      <event name="OnEnd" v="don&amp;apos;t generate code" />
    </Events>
  </Bean>
</PE_PROJECT_SETTINGS_DOCUMENTATION>

